millis,stamp,datetime,motion
999, 1660083893, 2022/8/9 22:24:53, Inactive
1999, 1660083894, 2022/8/9 22:24:54, Inactive
2999, 1660083895, 2022/8/9 22:24:55, Inactive
3999, 1660083896, 2022/8/9 22:24:56, Inactive
4999, 1660083897, 2022/8/9 22:24:57, Inactive
5999, 1660083898, 2022/8/9 22:24:58, Inactive
7000, 1660083899, 2022/8/9 22:24:59, Inactive
7999, 1660083900, 2022/8/9 22:25:0, Inactive
8999, 1660083901, 2022/8/9 22:25:1, Inactive
9999, 1660083902, 2022/8/9 22:25:2, Inactive
10999, 1660083903, 2022/8/9 22:25:3, Inactive
11999, 1660083904, 2022/8/9 22:25:4, Inactive
12998, 1660083905, 2022/8/9 22:25:5, Active
13999, 1660083906, 2022/8/9 22:25:6, Inactive
14998, 1660083907, 2022/8/9 22:25:7, Inactive
16000, 1660083908, 2022/8/9 22:25:8, Inactive
16999, 1660083909, 2022/8/9 22:25:9, Inactive
17999, 1660083910, 2022/8/9 22:25:10, Inactive
18999, 1660083911, 2022/8/9 22:25:11, Inactive
19999, 1660083912, 2022/8/9 22:25:12, Inactive
20999, 1660083913, 2022/8/9 22:25:13, Inactive
21999, 1660083914, 2022/8/9 22:25:14, Inactive
22999, 1660083915, 2022/8/9 22:25:15, Inactive
23999, 1660083916, 2022/8/9 22:25:16, Active
24999, 1660083917, 2022/8/9 22:25:17, Inactive
25999, 1660083918, 2022/8/9 22:25:18, Active
26999, 1660083919, 2022/8/9 22:25:19, Inactive
27999, 1660083920, 2022/8/9 22:25:20, Inactive
28999, 1660083921, 2022/8/9 22:25:21, Inactive
29999, 1660083922, 2022/8/9 22:25:22, Inactive
30999, 1660083923, 2022/8/9 22:25:23, Inactive
31998, 1660083924, 2022/8/9 22:25:24, Inactive
32999, 1660083925, 2022/8/9 22:25:25, Inactive
33999, 1660083926, 2022/8/9 22:25:26, Inactive
34999, 1660083927, 2022/8/9 22:25:27, Inactive
35999, 1660083928, 2022/8/9 22:25:28, Inactive
36998, 1660083929, 2022/8/9 22:25:29, Inactive
37999, 1660083930, 2022/8/9 22:25:30, Inactive
39000, 1660083931, 2022/8/9 22:25:31, Inactive
39999, 1660083932, 2022/8/9 22:25:32, Inactive
40999, 1660083933, 2022/8/9 22:25:33, Inactive
41999, 1660083934, 2022/8/9 22:25:34, Inactive
42999, 1660083935, 2022/8/9 22:25:35, Inactive
43999, 1660083936, 2022/8/9 22:25:36, Inactive
44999, 1660083937, 2022/8/9 22:25:37, Inactive
46000, 1660083938, 2022/8/9 22:25:38, Inactive
46999, 1660083939, 2022/8/9 22:25:39, Inactive
48000, 1660083940, 2022/8/9 22:25:40, Inactive
48999, 1660083941, 2022/8/9 22:25:41, Inactive
49999, 1660083942, 2022/8/9 22:25:42, Inactive
50999, 1660083943, 2022/8/9 22:25:43, Inactive
51998, 1660083944, 2022/8/9 22:25:44, Inactive
52998, 1660083945, 2022/8/9 22:25:45, Inactive
53999, 1660083946, 2022/8/9 22:25:46, Inactive
54999, 1660083947, 2022/8/9 22:25:47, Inactive
55998, 1660083948, 2022/8/9 22:25:48, Inactive
56999, 1660083949, 2022/8/9 22:25:49, Inactive
57999, 1660083950, 2022/8/9 22:25:50, Inactive
58999, 1660083951, 2022/8/9 22:25:51, Inactive
59999, 1660083952, 2022/8/9 22:25:52, Inactive
60999, 1660083953, 2022/8/9 22:25:53, Inactive
61999, 1660083954, 2022/8/9 22:25:54, Inactive
62999, 1660083955, 2022/8/9 22:25:55, Inactive
64000, 1660083956, 2022/8/9 22:25:56, Inactive
64999, 1660083957, 2022/8/9 22:25:57, Inactive
65999, 1660083958, 2022/8/9 22:25:58, Inactive
66999, 1660083959, 2022/8/9 22:25:59, Inactive
67999, 1660083960, 2022/8/9 22:26:0, Inactive
68999, 1660083961, 2022/8/9 22:26:1, Inactive
69999, 1660083962, 2022/8/9 22:26:2, Inactive
71000, 1660083963, 2022/8/9 22:26:3, Inactive
71999, 1660083964, 2022/8/9 22:26:4, Inactive
72999, 1660083965, 2022/8/9 22:26:5, Inactive
73999, 1660083966, 2022/8/9 22:26:6, Inactive
74999, 1660083967, 2022/8/9 22:26:7, Inactive
75999, 1660083968, 2022/8/9 22:26:8, Inactive
76999, 1660083969, 2022/8/9 22:26:9, Inactive
78000, 1660083970, 2022/8/9 22:26:10, Inactive
78999, 1660083971, 2022/8/9 22:26:11, Inactive
80000, 1660083972, 2022/8/9 22:26:12, Inactive
80999, 1660083973, 2022/8/9 22:26:13, Inactive
81999, 1660083974, 2022/8/9 22:26:14, Inactive
82999, 1660083975, 2022/8/9 22:26:15, Inactive
83998, 1660083976, 2022/8/9 22:26:16, Inactive
84999, 1660083977, 2022/8/9 22:26:17, Inactive
85999, 1660083978, 2022/8/9 22:26:18, Inactive
86999, 1660083979, 2022/8/9 22:26:19, Inactive
87998, 1660083980, 2022/8/9 22:26:20, Inactive
88999, 1660083981, 2022/8/9 22:26:21, Inactive
89998, 1660083982, 2022/8/9 22:26:22, Inactive
90999, 1660083983, 2022/8/9 22:26:23, Inactive
91999, 1660083984, 2022/8/9 22:26:24, Inactive
92999, 1660083985, 2022/8/9 22:26:25, Inactive
93999, 1660083986, 2022/8/9 22:26:26, Inactive
94999, 1660083987, 2022/8/9 22:26:27, Inactive
96000, 1660083988, 2022/8/9 22:26:28, Inactive
96999, 1660083989, 2022/8/9 22:26:29, Inactive
97999, 1660083990, 2022/8/9 22:26:30, Inactive
98999, 1660083991, 2022/8/9 22:26:31, Inactive
99999, 1660083992, 2022/8/9 22:26:32, Inactive
100999, 1660083993, 2022/8/9 22:26:33, Inactive
101999, 1660083994, 2022/8/9 22:26:34, Inactive
103000, 1660083995, 2022/8/9 22:26:35, Inactive
103999, 1660083996, 2022/8/9 22:26:36, Inactive
104999, 1660083997, 2022/8/9 22:26:37, Inactive
105999, 1660083998, 2022/8/9 22:26:38, Inactive
106999, 1660083999, 2022/8/9 22:26:39, Inactive
107999, 1660084000, 2022/8/9 22:26:40, Inactive
108999, 1660084001, 2022/8/9 22:26:41, Inactive
110000, 1660084002, 2022/8/9 22:26:42, Inactive
110999, 1660084003, 2022/8/9 22:26:43, Inactive
112000, 1660084004, 2022/8/9 22:26:44, Inactive
112999, 1660084005, 2022/8/9 22:26:45, Active
113999, 1660084006, 2022/8/9 22:26:46, Active
114999, 1660084007, 2022/8/9 22:26:47, Inactive
115999, 1660084008, 2022/8/9 22:26:48, Inactive
116999, 1660084009, 2022/8/9 22:26:49, Inactive
117999, 1660084010, 2022/8/9 22:26:50, Inactive
119000, 1660084011, 2022/8/9 22:26:51, Inactive
119999, 1660084012, 2022/8/9 22:26:52, Inactive
120999, 1660084013, 2022/8/9 22:26:53, Inactive
121999, 1660084014, 2022/8/9 22:26:54, Inactive
122999, 1660084015, 2022/8/9 22:26:55, Inactive
123999, 1660084016, 2022/8/9 22:26:56, Inactive
124999, 1660084017, 2022/8/9 22:26:57, Inactive
126000, 1660084018, 2022/8/9 22:26:58, Inactive
126999, 1660084019, 2022/8/9 22:26:59, Inactive
128000, 1660084020, 2022/8/9 22:27:0, Inactive
128999, 1660084021, 2022/8/9 22:27:1, Inactive
129999, 1660084022, 2022/8/9 22:27:2, Inactive
130999, 1660084023, 2022/8/9 22:27:3, Inactive
131999, 1660084024, 2022/8/9 22:27:4, Inactive
132999, 1660084025, 2022/8/9 22:27:5, Inactive
133999, 1660084026, 2022/8/9 22:27:6, Inactive
135000, 1660084027, 2022/8/9 22:27:7, Inactive
135999, 1660084028, 2022/8/9 22:27:8, Inactive
136998, 1660084029, 2022/8/9 22:27:9, Inactive
137999, 1660084030, 2022/8/9 22:27:10, Inactive
138999, 1660084031, 2022/8/9 22:27:11, Inactive
139999, 1660084032, 2022/8/9 22:27:12, Inactive
140999, 1660084033, 2022/8/9 22:27:13, Inactive
142000, 1660084034, 2022/8/9 22:27:14, Inactive
142999, 1660084035, 2022/8/9 22:27:15, Inactive
144000, 1660084036, 2022/8/9 22:27:16, Inactive
144999, 1660084037, 2022/8/9 22:27:17, Inactive
145999, 1660084038, 2022/8/9 22:27:18, Inactive
146999, 1660084039, 2022/8/9 22:27:19, Inactive
147999, 1660084040, 2022/8/9 22:27:20, Inactive
148999, 1660084041, 2022/8/9 22:27:21, Inactive
149999, 1660084042, 2022/8/9 22:27:22, Inactive
151000, 1660084043, 2022/8/9 22:27:23, Inactive
151999, 1660084044, 2022/8/9 22:27:24, Inactive
152999, 1660084045, 2022/8/9 22:27:25, Inactive
153999, 1660084046, 2022/8/9 22:27:26, Inactive
154999, 1660084047, 2022/8/9 22:27:27, Inactive
155999, 1660084048, 2022/8/9 22:27:28, Inactive
156999, 1660084049, 2022/8/9 22:27:29, Inactive
157999, 1660084050, 2022/8/9 22:27:30, Inactive
158999, 1660084051, 2022/8/9 22:27:31, Inactive
160000, 1660084052, 2022/8/9 22:27:32, Inactive
160999, 1660084053, 2022/8/9 22:27:33, Inactive
161999, 1660084054, 2022/8/9 22:27:34, Inactive
162998, 1660084055, 2022/8/9 22:27:35, Inactive
163999, 1660084056, 2022/8/9 22:27:36, Inactive
164999, 1660084057, 2022/8/9 22:27:37, Inactive
165999, 1660084058, 2022/8/9 22:27:38, Inactive
167000, 1660084059, 2022/8/9 22:27:39, Inactive
167999, 1660084060, 2022/8/9 22:27:40, Inactive
168999, 1660084061, 2022/8/9 22:27:41, Inactive
169999, 1660084062, 2022/8/9 22:27:42, Inactive
170999, 1660084063, 2022/8/9 22:27:43, Inactive
171999, 1660084064, 2022/8/9 22:27:44, Inactive
172999, 1660084065, 2022/8/9 22:27:45, Inactive
173999, 1660084066, 2022/8/9 22:27:46, Inactive
174999, 1660084067, 2022/8/9 22:27:47, Inactive
176000, 1660084068, 2022/8/9 22:27:48, Inactive
176999, 1660084069, 2022/8/9 22:27:49, Inactive
177999, 1660084070, 2022/8/9 22:27:50, Inactive
178999, 1660084071, 2022/8/9 22:27:51, Inactive
179999, 1660084072, 2022/8/9 22:27:52, Inactive
180999, 1660084073, 2022/8/9 22:27:53, Inactive
181999, 1660084074, 2022/8/9 22:27:54, Inactive
183000, 1660084075, 2022/8/9 22:27:55, Inactive
183999, 1660084076, 2022/8/9 22:27:56, Inactive
184998, 1660084077, 2022/8/9 22:27:57, Inactive
185999, 1660084078, 2022/8/9 22:27:58, Inactive
186999, 1660084079, 2022/8/9 22:27:59, Inactive
187999, 1660084080, 2022/8/9 22:28:0, Inactive
188999, 1660084081, 2022/8/9 22:28:1, Inactive
189999, 1660084082, 2022/8/9 22:28:2, Inactive
190999, 1660084083, 2022/8/9 22:28:3, Inactive
192000, 1660084084, 2022/8/9 22:28:4, Inactive
192999, 1660084085, 2022/8/9 22:28:5, Inactive
193999, 1660084086, 2022/8/9 22:28:6, Inactive
194999, 1660084087, 2022/8/9 22:28:7, Inactive
195999, 1660084088, 2022/8/9 22:28:8, Inactive
196999, 1660084089, 2022/8/9 22:28:9, Inactive
197999, 1660084090, 2022/8/9 22:28:10, Inactive
199000, 1660084091, 2022/8/9 22:28:11, Inactive
199999, 1660084092, 2022/8/9 22:28:12, Inactive
200999, 1660084093, 2022/8/9 22:28:13, Inactive
201999, 1660084094, 2022/8/9 22:28:14, Inactive
202999, 1660084095, 2022/8/9 22:28:15, Inactive
204000, 1660084096, 2022/8/9 22:28:16, Inactive
